Date;Time;Elevation;tideState
12-27-1982;03:00;2.0;H
12-27-1982;11:00;0.2;L
12-27-1982;15:08;2.0;H
12-27-1982;23:02;0.4;L
12-28-1982;03:31;2.0;H
12-28-1982;11:31;0.2;L
12-28-1982;15:41;2.1;H
12-28-1982;23:40;0.4;L
12-29-1982;04:04;2.0;H
12-29-1982;12:05;0.2;L
12-29-1982;16:14;2.1;H
12-30-1982;00:18;0.4;L
12-30-1982;04:37;1.9;H
12-30-1982;12:41;0.1;L
12-30-1982;16:48;2.1;H
12-31-1982;00:55;0.4;L
12-31-1982;05:12;1.9;H
12-31-1982;13:20;0.1;L
12-31-1982;17:25;2.0;H
01-01-1983;01:34;0.4;L
01-01-1983;05:52;1.8;H
01-01-1983;14:01;0.1;L
01-01-1983;18:08;2.0;H
01-02-1983;02:18;0.4;L
01-02-1983;06:39;1.7;H
01-02-1983;14:47;0.2;L
01-02-1983;19:01;2.0;H
01-03-1983;03:06;0.4;L
01-03-1983;07:38;1.7;H
01-03-1983;12:56;0.3;L
01-03-1983;13:36;0.3;H
01-03-1983;15:41;0.2;L
01-03-1983;20:08;1.9;H
01-04-1983;04:03;0.5;L
01-04-1983;08:47;1.7;H
01-04-1983;13:53;0.3;L
01-04-1983;14:43;0.3;H
01-04-1983;16:47;0.2;L
01-04-1983;21:20;1.9;H
01-05-1983;05:12;0.5;L
01-05-1983;09:56;1.7;H
01-05-1983;14:55;0.4;L
01-05-1983;15:43;0.4;H
01-05-1983;17:56;0.2;L
01-05-1983;22:29;1.9;H
01-06-1983;06:32;0.5;L
01-06-1983;11:01;1.8;H
01-06-1983;15:54;0.4;L
01-06-1983;16:37;0.5;H
01-06-1983;19:00;0.2;L
01-06-1983;23:33;1.9;H
01-07-1983;07:45;0.4;L
01-07-1983;12:00;1.9;H
01-07-1983;16:46;0.5;L
01-07-1983;17:26;0.5;H
01-07-1983;20:02;0.2;L
01-08-1983;00:33;2.0;H
01-08-1983;08:41;0.4;L
01-08-1983;12:55;2.0;H
01-08-1983;17:33;0.6;L
01-08-1983;18:13;0.6;H
01-08-1983;21:03;0.2;L
01-09-1983;01:27;2.0;H
01-09-1983;06:00;0.7;L
01-09-1983;06:47;0.7;H
01-09-1983;09:30;0.3;L
01-09-1983;13:45;2.1;H
01-09-1983;18:17;0.7;L
01-09-1983;18:59;0.7;H
01-09-1983;21:56;0.3;L
01-10-1983;02:19;2.0;H
01-10-1983;06:37;0.6;L
01-10-1983;07:42;0.7;H
01-10-1983;10:17;0.2;L
01-10-1983;14:33;2.2;H
01-10-1983;19:00;0.8;L
01-10-1983;19:45;0.8;H
01-10-1983;22:45;0.3;L
01-11-1983;03:08;2.0;H
01-11-1983;07:18;0.6;L
01-11-1983;08:34;0.7;H
01-11-1983;11:04;0.2;L
01-11-1983;15:19;2.2;H
01-11-1983;19:46;0.9;L
01-11-1983;20:29;0.9;H
01-11-1983;23:33;0.3;L
01-12-1983;00:49;0.4;H
01-12-1983;00:57;0.4;L
01-12-1983;03:55;2.0;H
01-12-1983;08:03;0.5;L
01-12-1983;09:23;0.6;H
01-12-1983;11:53;0.1;L
01-12-1983;16:06;2.2;H
01-12-1983;20:38;0.9;L
01-12-1983;21:06;0.9;H
01-13-1983;00:22;0.3;L
01-13-1983;04:42;1.9;H
01-13-1983;08:52;0.4;L
01-13-1983;10:11;0.6;H
01-13-1983;12:43;0.0;L
01-13-1983;16:53;2.2;H
01-14-1983;01:11;0.3;L
01-14-1983;05:28;1.9;H
01-14-1983;09:47;0.4;L
01-14-1983;10:58;0.5;H
01-14-1983;13:34;0.0;L
01-14-1983;17:41;2.1;H
01-15-1983;02:02;0.4;L
01-15-1983;06:15;1.9;H
01-15-1983;10:54;0.4;L
01-15-1983;11:40;0.4;H
01-15-1983;14:24;0.0;L
01-15-1983;18:31;2.0;H
01-16-1983;02:52;0.4;L
01-16-1983;07:02;1.8;H
01-16-1983;15:14;0.1;L
01-16-1983;19:25;1.9;H
01-17-1983;03:42;0.4;L
01-17-1983;07:54;1.7;H
01-17-1983;16:02;0.1;L
01-17-1983;20:24;1.8;H
01-18-1983;04:34;0.4;L
01-18-1983;08:54;1.6;H
01-18-1983;16:49;0.2;L
01-18-1983;21:32;1.7;H
01-19-1983;05:30;0.4;L
01-19-1983;10:04;1.6;H
01-19-1983;17:38;0.3;L
01-19-1983;22:48;1.7;H
01-20-1983;06:38;0.4;L
01-20-1983;11:12;1.6;H
01-20-1983;18:29;0.4;L
01-20-1983;23:54;1.7;H
01-21-1983;07:54;0.4;L
01-21-1983;12:12;1.7;H
01-21-1983;19:36;0.4;L
01-22-1983;00:48;1.8;H
01-22-1983;08:54;0.3;L
01-22-1983;13:01;1.8;H
01-22-1983;21:04;0.4;L
01-23-1983;01:34;1.8;H
01-23-1983;09:39;0.3;L
01-23-1983;13:42;1.8;H
01-23-1983;21:46;0.4;L
01-24-1983;02:11;1.8;H
01-24-1983;10:13;0.2;L
01-24-1983;14:17;1.9;H
01-24-1983;22:18;0.4;L
01-25-1983;02:44;1.9;H
01-25-1983;10:41;0.2;L
01-25-1983;14:50;2.0;H
01-25-1983;22:50;0.4;L
01-26-1983;03:16;1.9;H
01-26-1983;11:10;0.2;L
01-26-1983;15:24;2.0;H
01-26-1983;23:24;0.3;L
01-27-1983;03:49;1.9;H
01-27-1983;08:34;0.5;L
01-27-1983;08:57;0.5;H
01-27-1983;11:43;0.1;L
01-27-1983;15:58;2.1;H
01-27-1983;23:58;0.3;L
01-28-1983;04:24;1.9;H
01-28-1983;09:02;0.5;L
01-28-1983;09:44;0.5;H
01-28-1983;12:20;0.1;L
01-28-1983;16:33;2.1;H
01-29-1983;00:33;0.3;L
01-29-1983;05:00;1.8;H
01-29-1983;09:38;0.4;L
01-29-1983;10:27;0.4;H
01-29-1983;12:58;0.1;L
01-29-1983;17:10;2.0;H
01-30-1983;01:11;0.3;L
01-30-1983;05:38;1.8;H
01-30-1983;10:22;0.4;L
01-30-1983;11:12;0.4;H
01-30-1983;13:39;0.0;L
01-30-1983;17:51;2.0;H
01-31-1983;01:52;0.3;L
01-31-1983;06:20;1.8;H
01-31-1983;11:13;0.3;L
01-31-1983;11:59;0.3;H
01-31-1983;14:21;0.1;L
01-31-1983;18:39;2.0;H
02-01-1983;02:37;0.4;L
02-01-1983;07:09;1.8;H
02-01-1983;12:15;0.3;L
02-01-1983;12:48;0.3;H
02-01-1983;15:08;0.1;L
02-01-1983;19:36;1.9;H
02-02-1983;03:28;0.4;L
02-02-1983;08:10;1.7;H
02-02-1983;16:05;0.2;L
02-02-1983;20:45;1.8;H
02-03-1983;04:27;0.4;L
02-03-1983;09:20;1.7;H
02-03-1983;17:14;0.2;L
02-03-1983;21:58;1.7;H
02-04-1983;05:38;0.4;L
02-04-1983;10:32;1.7;H
02-04-1983;18:26;0.2;L
02-04-1983;23:13;1.7;H
02-05-1983;07:02;0.4;L
02-05-1983;11:40;1.8;H
02-05-1983;19:46;0.2;L
02-06-1983;00:21;1.7;H
02-06-1983;08:18;0.3;L
02-06-1983;12:42;1.9;H
02-06-1983;20:57;0.2;L
02-07-1983;01:20;1.8;H
02-07-1983;05:53;0.6;L
02-07-1983;06:32;0.6;H
02-07-1983;09:13;0.2;L
02-07-1983;13:35;2.0;H
02-07-1983;21:47;0.2;L
02-08-1983;02:11;1.9;H
02-08-1983;06:26;0.6;L
02-08-1983;07:28;0.6;H
02-08-1983;10:01;0.1;L
02-08-1983;14:23;2.1;H
02-08-1983;22:30;0.3;L
02-08-1983;23:31;0.3;H
02-09-1983;00:08;0.3;L
02-09-1983;02:57;1.9;H
02-09-1983;07:04;0.5;L
02-09-1983;08:19;0.6;H
02-09-1983;10:49;0.1;L
02-09-1983;15:07;2.1;H
02-09-1983;19:40;0.9;L
02-09-1983;20:05;0.9;H
02-09-1983;23:14;0.3;L
02-10-1983;00:13;0.3;H
02-10-1983;00:56;0.3;L
02-10-1983;03:41;1.9;H
02-10-1983;07:45;0.4;L
02-10-1983;09:05;0.6;H
02-10-1983;11:38;0.0;L
02-10-1983;15:50;2.2;H
02-10-1983;20:20;0.9;L
02-10-1983;20:49;0.9;H
02-11-1983;00:00;0.3;L
02-11-1983;01:07;0.4;H
02-11-1983;01:29;0.3;L
02-11-1983;04:23;1.9;H
02-11-1983;08:29;0.4;L
02-11-1983;09:48;0.6;H
02-11-1983;12:27;-0.0;L
02-11-1983;16:33;2.1;H
02-12-1983;00:49;0.3;L
02-12-1983;05:04;1.9;H
02-12-1983;09:18;0.4;L
02-12-1983;10:29;0.5;H
02-12-1983;13:17;-0.1;L
02-12-1983;17:16;2.1;H
02-13-1983;01:36;0.3;L
02-13-1983;05:44;1.9;H
02-13-1983;10:18;0.4;L
02-13-1983;11:01;0.4;H
02-13-1983;14:03;-0.0;L
02-13-1983;17:59;2.0;H
02-14-1983;02:19;0.3;L
02-14-1983;06:23;1.9;H
02-14-1983;14:43;0.0;L
02-14-1983;18:44;1.9;H
02-15-1983;02:57;0.3;L
02-15-1983;07:05;1.8;H
02-15-1983;15:16;0.1;L
02-15-1983;19:32;1.8;H
02-16-1983;03:22;0.4;L
02-16-1983;07:55;1.7;H
02-16-1983;15:37;0.2;L
02-16-1983;20:27;1.6;H
02-17-1983;03:38;0.4;L
02-17-1983;08:56;1.6;H
02-17-1983;16:16;0.3;L
02-17-1983;21:39;1.5;H
02-18-1983;04:25;0.4;L
02-18-1983;10:18;1.5;H
02-18-1983;17:19;0.3;L
02-18-1983;23:16;1.5;H
02-19-1983;05:26;0.4;L
02-19-1983;11:37;1.6;H
02-19-1983;18:31;0.4;L
02-20-1983;00:21;1.6;H
02-20-1983;08:00;0.3;L
02-20-1983;12:35;1.7;H
02-20-1983;20:14;0.4;L
02-21-1983;01:10;1.7;H
02-21-1983;09:04;0.2;L
02-21-1983;13:20;1.8;H
02-21-1983;21:20;0.3;L
02-22-1983;01:49;1.7;H
02-22-1983;09:45;0.2;L
02-22-1983;13:56;1.9;H
02-22-1983;22:02;0.3;L
02-23-1983;02:22;1.8;H
02-23-1983;10:17;0.2;L
02-23-1983;14:29;2.0;H
02-23-1983;22:36;0.3;L
02-24-1983;02:54;1.9;H
02-24-1983;07:23;0.5;L
02-24-1983;08:04;0.5;H
02-24-1983;10:49;0.1;L
02-24-1983;15:02;2.1;H
02-24-1983;23:05;0.3;L
02-25-1983;03:27;1.9;H
02-25-1983;07:47;0.5;L
02-25-1983;08:48;0.5;H
02-25-1983;11:22;0.1;L
02-25-1983;15:37;2.1;H
02-25-1983;23:35;0.3;L
02-26-1983;04:03;1.9;H
02-26-1983;08:21;0.4;L
02-26-1983;09:29;0.5;H
02-26-1983;11:58;0.0;L
02-26-1983;16:13;2.1;H
02-26-1983;20:52;0.8;L
02-26-1983;21:07;0.8;H
02-27-1983;00:09;0.3;L
02-27-1983;04:40;1.9;H
02-27-1983;09:01;0.4;L
02-27-1983;10:09;0.5;H
02-27-1983;12:35;-0.0;L
02-27-1983;16:52;2.1;H
02-27-1983;21:32;0.8;L
02-27-1983;21:53;0.8;H
02-28-1983;00:47;0.2;L
02-28-1983;05:17;1.9;H
02-28-1983;09:48;0.3;L
02-28-1983;10:48;0.4;H
02-28-1983;13:13;-0.0;L
02-28-1983;17:33;2.0;H
03-01-1983;01:28;0.2;L
03-01-1983;05:58;1.9;H
03-01-1983;10:42;0.3;L
03-01-1983;11:26;0.3;H
03-01-1983;13:52;-0.0;L
03-01-1983;18:18;1.9;H
03-02-1983;02:12;0.3;L
03-02-1983;06:43;1.9;H
03-02-1983;14:35;0.0;L
03-02-1983;19:11;1.8;H
03-03-1983;03:00;0.3;L
03-03-1983;07:39;1.8;H
03-03-1983;15:26;0.1;L
03-03-1983;20:18;1.7;H
03-04-1983;03:56;0.3;L
03-04-1983;08:51;1.7;H
03-04-1983;16:38;0.2;L
03-04-1983;21:36;1.6;H
03-05-1983;05:06;0.4;L
03-05-1983;10:12;1.7;H
03-05-1983;18:09;0.2;L
03-05-1983;23:00;1.5;H
03-06-1983;06:37;0.3;L
03-06-1983;11:29;1.8;H
03-06-1983;19:48;0.2;L
03-07-1983;00:13;1.6;H
03-07-1983;08:01;0.2;L
03-07-1983;12:34;1.9;H
03-07-1983;20:53;0.2;L
03-08-1983;01:11;1.7;H
03-08-1983;05:35;0.5;L
03-08-1983;06:21;0.5;H
03-08-1983;09:00;0.1;L
03-08-1983;13:27;2.0;H
03-08-1983;21:38;0.2;L
03-08-1983;22:31;0.2;H
03-08-1983;22:50;0.2;L
03-09-1983;01:59;1.8;H
03-09-1983;06:09;0.5;L
03-09-1983;07:13;0.6;H
03-09-1983;09:48;0.1;L
03-09-1983;14:11;2.1;H
03-09-1983;22:13;0.2;L
03-09-1983;23:01;0.3;H
03-09-1983;23:55;0.2;L
03-10-1983;02:42;1.9;H
03-10-1983;06:46;0.5;L
03-10-1983;07:59;0.6;H
03-10-1983;10:33;0.0;L
03-10-1983;14:51;2.1;H
03-10-1983;19:27;0.9;L
03-10-1983;19:45;0.9;H
03-10-1983;22:52;0.3;L
03-10-1983;23:50;0.3;H
03-11-1983;00:37;0.3;L
03-11-1983;03:22;1.9;H
03-11-1983;07:24;0.4;L
03-11-1983;08:41;0.6;H
03-11-1983;11:20;-0.0;L
03-11-1983;15:31;2.1;H
03-11-1983;19:58;0.9;L
03-11-1983;20:32;0.9;H
03-11-1983;23:36;0.2;L
03-12-1983;04:00;1.9;H
03-12-1983;08:05;0.4;L
03-12-1983;09:20;0.6;H
03-12-1983;12:07;-0.1;L
03-12-1983;16:11;2.1;H
03-12-1983;20:38;0.8;L
03-12-1983;21:11;0.8;H
03-13-1983;00:22;0.2;L
03-13-1983;04:36;2.0;H
03-13-1983;08:50;0.4;L
03-13-1983;09:54;0.5;H
03-13-1983;12:53;-0.1;L
03-13-1983;16:49;2.0;H
03-14-1983;01:07;0.2;L
03-14-1983;05:12;2.0;H
03-14-1983;09:45;0.4;L
03-14-1983;10:20;0.5;H
03-14-1983;13:33;-0.0;L
03-14-1983;17:28;1.9;H
03-15-1983;01:45;0.2;L
03-15-1983;05:46;1.9;H
03-15-1983;14:05;0.1;L
03-15-1983;18:05;1.8;H
03-16-1983;02:14;0.2;L
03-16-1983;06:23;1.9;H
03-16-1983;14:22;0.1;L
03-16-1983;18:44;1.7;H
03-17-1983;02:33;0.2;L
03-17-1983;07:05;1.8;H
03-17-1983;14:46;0.2;L
03-17-1983;19:29;1.6;H
03-18-1983;03:06;0.2;L
03-18-1983;08:01;1.6;H
03-18-1983;15:33;0.2;L
03-18-1983;20:29;1.5;H
03-19-1983;03:54;0.2;L
03-19-1983;09:20;1.5;H
03-19-1983;16:36;0.3;L
03-19-1983;21:59;1.3;H
03-20-1983;04:51;0.3;L
03-20-1983;10:55;1.5;H
03-20-1983;17:54;0.3;L
03-20-1983;23:43;1.4;H
03-21-1983;06:10;0.3;L
03-21-1983;12:02;1.6;H
03-21-1983;19:30;0.3;L
03-22-1983;00:37;1.5;H
03-22-1983;08:05;0.2;L
03-22-1983;12:50;1.8;H
03-22-1983;20:48;0.2;L
03-23-1983;01:18;1.6;H
03-23-1983;09:05;0.2;L
03-23-1983;13:27;1.9;H
03-23-1983;21:39;0.2;L
03-24-1983;01:52;1.7;H
03-24-1983;06:28;0.5;L
03-24-1983;06:50;0.5;H
03-24-1983;09:48;0.1;L
03-24-1983;14:01;2.0;H
03-24-1983;22:19;0.2;L
03-25-1983;02:25;1.8;H
03-25-1983;06:43;0.5;L
03-25-1983;07:44;0.5;H
03-25-1983;10:25;0.1;L
03-25-1983;14:35;2.1;H
03-25-1983;22:46;0.2;L
03-26-1983;03:00;1.9;H
03-26-1983;07:11;0.4;L
03-26-1983;08:27;0.5;H
03-26-1983;11:00;0.1;L
03-26-1983;15:12;2.1;H
03-26-1983;19:43;0.8;L
03-26-1983;20:17;0.8;H
03-26-1983;23:13;0.2;L
03-27-1983;03:37;2.0;H
03-27-1983;07:48;0.4;L
03-27-1983;09:06;0.5;H
03-27-1983;11:34;0.0;L
03-27-1983;15:50;2.1;H
03-27-1983;20:15;0.7;L
03-27-1983;21:04;0.8;H
03-27-1983;23:46;0.2;L
03-28-1983;04:15;2.0;H
03-28-1983;08:31;0.4;L
03-28-1983;09:45;0.5;H
03-28-1983;12:10;-0.0;L
03-28-1983;16:31;2.1;H
03-28-1983;20:59;0.7;L
03-28-1983;21:47;0.7;H
03-29-1983;00:26;0.2;L
03-29-1983;04:54;2.0;H
03-29-1983;09:20;0.4;L
03-29-1983;10:21;0.5;H
03-29-1983;12:48;-0.0;L
03-29-1983;17:13;2.0;H
03-29-1983;21:50;0.6;L
03-29-1983;22:27;0.7;H
03-30-1983;01:08;0.2;L
03-30-1983;05:35;2.0;H
03-30-1983;10:22;0.4;L
03-30-1983;10:50;0.4;H
03-30-1983;13:27;-0.0;L
03-30-1983;17:59;1.9;H
03-31-1983;01:53;0.2;L
03-31-1983;06:20;1.9;H
03-31-1983;14:10;0.0;L
03-31-1983;18:52;1.7;H
04-01-1983;02:42;0.2;L
04-01-1983;07:15;1.8;H
04-01-1983;15:04;0.1;L
04-01-1983;20:00;1.5;H
04-02-1983;03:38;0.2;L
04-02-1983;08:32;1.7;H
04-02-1983;16:27;0.2;L
04-02-1983;21:24;1.4;H
04-03-1983;04:50;0.3;L
04-03-1983;10:01;1.7;H
04-03-1983;18:10;0.2;L
04-03-1983;22:50;1.4;H
04-04-1983;06:23;0.2;L
04-04-1983;11:21;1.8;H
04-04-1983;19:41;0.2;L
04-05-1983;00:00;1.5;H
04-05-1983;04:41;0.4;L
04-05-1983;05:04;0.4;H
04-05-1983;07:45;0.1;L
04-05-1983;12:24;1.9;H
04-05-1983;20:44;0.1;L
04-06-1983;00:55;1.6;H
04-06-1983;05:12;0.5;L
04-06-1983;06:04;0.5;H
04-06-1983;08:46;0.0;L
04-06-1983;13:13;2.0;H
04-06-1983;21:29;0.2;L
04-06-1983;22:02;0.2;H
04-06-1983;22:27;0.2;L
04-07-1983;01:41;1.8;H
04-07-1983;05:48;0.5;L
04-07-1983;06:52;0.5;H
04-07-1983;09:34;0.0;L
04-07-1983;13:55;2.0;H
04-07-1983;21:56;0.2;L
04-07-1983;22:41;0.2;H
04-07-1983;23:28;0.2;L
04-08-1983;02:22;1.8;H
04-08-1983;06:26;0.5;L
04-08-1983;07:35;0.6;H
04-08-1983;10:16;0.0;L
04-08-1983;14:33;2.0;H
04-08-1983;19:13;0.8;L
04-08-1983;19:21;0.8;H
04-08-1983;22:30;0.2;L
04-08-1983;23:38;0.3;H
04-09-1983;00:04;0.3;L
04-09-1983;02:59;1.9;H
04-09-1983;07:03;0.5;L
04-09-1983;08:12;0.6;H
04-09-1983;10:57;0.0;L
04-09-1983;15:11;2.0;H
04-09-1983;19:39;0.8;L
04-09-1983;20:10;0.8;H
04-09-1983;23:11;0.2;L
04-10-1983;03:34;1.9;H
04-10-1983;07:42;0.5;L
04-10-1983;08:46;0.6;H
04-10-1983;11:40;0.0;L
04-10-1983;15:48;2.0;H
04-10-1983;20:16;0.7;L
04-10-1983;20:48;0.7;H
04-10-1983;23:55;0.1;L
04-11-1983;04:08;2.0;H
04-11-1983;08:25;0.5;L
04-11-1983;09:16;0.6;H
04-11-1983;12:21;0.0;L
04-11-1983;16:24;1.9;H
04-11-1983;21:05;0.6;L
04-11-1983;21:19;0.6;H
04-12-1983;00:37;0.1;L
04-12-1983;04:41;2.0;H
04-12-1983;09:21;0.6;L
04-12-1983;09:36;0.6;H
04-12-1983;12:57;0.0;L
04-12-1983;16:59;1.9;H
04-13-1983;01:13;0.1;L
04-13-1983;05:14;2.0;H
04-13-1983;13:25;0.1;L
04-13-1983;17:32;1.8;H
04-14-1983;01:40;0.1;L
04-14-1983;05:48;1.9;H
04-14-1983;13:48;0.2;L
04-14-1983;18:04;1.7;H
04-15-1983;02:07;0.1;L
04-15-1983;06:24;1.8;H
04-15-1983;14:21;0.2;L
04-15-1983;18:41;1.6;H
04-16-1983;02:44;0.1;L
04-16-1983;07:10;1.7;H
04-16-1983;15:09;0.2;L
04-16-1983;19:34;1.5;H
04-17-1983;03:31;0.1;L
04-17-1983;08:29;1.5;H
04-17-1983;16:08;0.3;L
04-17-1983;20:55;1.3;H
04-18-1983;04:26;0.2;L
04-18-1983;10:03;1.5;H
04-18-1983;17:22;0.3;L
04-18-1983;22:38;1.3;H
04-19-1983;05:37;0.2;L
04-19-1983;11:18;1.6;H
04-19-1983;18:54;0.3;L
04-19-1983;23:50;1.4;H
04-20-1983;07:13;0.2;L
04-20-1983;12:10;1.8;H
04-20-1983;20:13;0.2;L
04-21-1983;00:37;1.6;H
04-21-1983;08:22;0.1;L
04-21-1983;12:52;1.9;H
04-21-1983;21:11;0.2;L
04-22-1983;01:16;1.7;H
04-22-1983;05:44;0.5;L
04-22-1983;06:29;0.5;H
04-22-1983;09:15;0.1;L
04-22-1983;13:29;2.0;H
04-22-1983;21:56;0.2;L
04-23-1983;01:53;1.8;H
04-23-1983;06:08;0.4;L
04-23-1983;07:19;0.5;H
04-23-1983;09:58;0.1;L
04-23-1983;14:06;2.1;H
04-23-1983;22:27;0.2;L
04-24-1983;02:31;1.9;H
04-24-1983;06:42;0.4;L
04-24-1983;08:01;0.6;H
04-24-1983;10:36;0.1;L
04-24-1983;14:46;2.1;H
04-24-1983;19:14;0.7;L
04-24-1983;20:04;0.7;H
04-24-1983;22:53;0.2;L
04-25-1983;03:10;2.0;H
04-25-1983;07:21;0.4;L
04-25-1983;08:41;0.6;H
04-25-1983;11:12;0.1;L
04-25-1983;15:28;2.1;H
04-25-1983;19:50;0.7;L
04-25-1983;20:51;0.7;H
04-25-1983;23:29;0.2;L
04-26-1983;03:50;2.1;H
04-26-1983;08:06;0.4;L
04-26-1983;09:20;0.6;H
04-26-1983;11:49;0.0;L
04-26-1983;16:11;2.0;H
04-26-1983;20:34;0.6;L
04-26-1983;21:35;0.7;H
04-27-1983;00:10;0.2;L
04-27-1983;04:31;2.1;H
04-27-1983;08:59;0.5;L
04-27-1983;09:55;0.5;H
04-27-1983;12:29;0.0;L
04-27-1983;16:56;1.9;H
04-27-1983;21:27;0.5;L
04-27-1983;22:17;0.6;H
04-28-1983;00:55;0.1;L
04-28-1983;05:14;2.0;H
04-28-1983;13:13;0.1;L
04-28-1983;17:44;1.8;H
04-29-1983;01:42;0.1;L
04-29-1983;06:02;2.0;H
04-29-1983;14:04;0.1;L
04-29-1983;18:40;1.6;H
04-30-1983;02:32;0.1;L
04-30-1983;07:00;1.9;H
04-30-1983;15:07;0.2;L
04-30-1983;19:52;1.5;H
05-01-1983;03:29;0.1;L
05-01-1983;08:24;1.8;H
05-01-1983;16:28;0.2;L
05-01-1983;21:13;1.4;H
05-02-1983;04:42;0.1;L
05-02-1983;09:50;1.8;H
05-02-1983;17:59;0.2;L
05-02-1983;22:31;1.4;H
05-03-1983;06:05;0.1;L
05-03-1983;11:05;1.8;H
05-03-1983;19:20;0.1;L
05-03-1983;23:37;1.5;H
05-04-1983;04:16;0.4;L
05-04-1983;04:40;0.4;H
05-04-1983;07:22;0.0;L
05-04-1983;12:04;1.9;H
05-04-1983;20:21;0.1;L
05-05-1983;00:32;1.6;H
05-05-1983;04:52;0.4;L
05-05-1983;05:37;0.5;H
05-05-1983;08:25;-0.0;L
05-05-1983;12:52;2.0;H
05-05-1983;21:09;0.1;L
05-06-1983;01:18;1.8;H
05-06-1983;05:31;0.5;L
05-06-1983;06:24;0.5;H
05-06-1983;09:16;0.0;L
05-06-1983;13:35;2.0;H
05-06-1983;21:41;0.2;L
05-07-1983;01:59;1.8;H
05-07-1983;06:09;0.5;L
05-07-1983;07:03;0.5;H
05-07-1983;09:58;0.1;L
05-07-1983;14:14;2.0;H
05-07-1983;22:12;0.2;L
05-08-1983;02:35;1.9;H
05-08-1983;06:47;0.5;L
05-08-1983;07:35;0.6;H
05-08-1983;10:32;0.1;L
05-08-1983;14:51;1.9;H
05-08-1983;22:49;0.2;L
05-09-1983;03:09;1.9;H
05-09-1983;07:27;0.6;L
05-09-1983;08:04;0.6;H
05-09-1983;11:08;0.1;L
05-09-1983;15:27;1.9;H
05-09-1983;23:29;0.1;L
05-10-1983;03:42;2.0;H
05-10-1983;08:12;0.6;L
05-10-1983;08:29;0.6;H
05-10-1983;11:45;0.1;L
05-10-1983;16:01;1.9;H
05-11-1983;00:08;0.0;L
05-11-1983;04:14;2.0;H
05-11-1983;12:21;0.1;L
05-11-1983;16:34;1.8;H
05-12-1983;00:42;0.0;L
05-12-1983;04:47;1.9;H
05-12-1983;12:53;0.2;L
05-12-1983;17:05;1.8;H
05-13-1983;01:13;0.0;L
05-13-1983;05:19;1.9;H
05-13-1983;13:25;0.2;L
05-13-1983;17:35;1.7;H
05-14-1983;01:46;0.0;L
05-14-1983;05:54;1.8;H
05-14-1983;14:03;0.2;L
05-14-1983;18:11;1.6;H
05-15-1983;02:24;0.0;L
05-15-1983;06:34;1.8;H
05-15-1983;14:48;0.3;L
05-15-1983;18:59;1.5;H
05-16-1983;03:09;0.1;L
05-16-1983;07:37;1.6;H
05-16-1983;15:42;0.3;L
05-16-1983;20:14;1.4;H
05-17-1983;04:03;0.1;L
05-17-1983;09:10;1.6;H
05-17-1983;16:49;0.3;L
05-17-1983;21:37;1.4;H
05-18-1983;05:12;0.1;L
05-18-1983;10:24;1.7;H
05-18-1983;18:15;0.3;L
05-18-1983;22:54;1.5;H
05-19-1983;06:34;0.1;L
05-19-1983;11:23;1.8;H
05-19-1983;19:36;0.2;L
05-19-1983;23:51;1.6;H
05-20-1983;07:43;0.1;L
05-20-1983;12:12;2.0;H
05-20-1983;20:37;0.2;L
05-21-1983;00:38;1.7;H
05-21-1983;05:08;0.4;L
05-21-1983;06:03;0.4;H
05-21-1983;08:39;0.1;L
05-21-1983;12:56;2.0;H
05-21-1983;21:25;0.2;L
05-22-1983;01:21;1.9;H
05-22-1983;05:40;0.4;L
05-22-1983;06:51;0.5;H
05-22-1983;09:29;0.1;L
05-22-1983;13:40;2.1;H
05-22-1983;18:29;0.7;L
05-22-1983;18:51;0.7;H
05-22-1983;22:02;0.2;L
05-23-1983;02:03;2.0;H
05-23-1983;06:18;0.4;L
05-23-1983;07:35;0.6;H
05-23-1983;10:13;0.1;L
05-23-1983;14:23;2.1;H
05-23-1983;18:50;0.6;L
05-23-1983;19:49;0.7;H
05-23-1983;22:36;0.2;L
05-24-1983;02:45;2.1;H
05-24-1983;07:00;0.5;L
05-24-1983;08:16;0.6;H
05-24-1983;10:54;0.1;L
05-24-1983;15:08;2.0;H
05-24-1983;19:28;0.6;L
05-24-1983;20:38;0.7;H
05-24-1983;23:15;0.2;L
05-25-1983;03:28;2.1;H
05-25-1983;07:46;0.5;L
05-25-1983;08:55;0.7;H
05-25-1983;11:38;0.1;L
05-25-1983;15:54;2.0;H
05-25-1983;20:13;0.5;L
05-25-1983;21:25;0.6;H
05-26-1983;00:00;0.1;L
05-26-1983;04:12;2.1;H
05-26-1983;08:40;0.6;L
05-26-1983;09:30;0.7;H
05-26-1983;12:25;0.1;L
05-26-1983;16:43;1.8;H
05-26-1983;21:06;0.4;L
05-26-1983;22:10;0.5;H
05-27-1983;00:46;0.1;L
05-27-1983;04:58;2.1;H
05-27-1983;13:14;0.1;L
05-27-1983;17:34;1.7;H
05-27-1983;22:12;0.4;L
05-27-1983;22:53;0.4;H
05-28-1983;01:34;0.0;L
05-28-1983;05:49;2.0;H
05-28-1983;14:07;0.2;L
05-28-1983;18:33;1.6;H
05-29-1983;02:24;-0.0;L
05-29-1983;06:51;1.9;H
05-29-1983;15:06;0.2;L
05-29-1983;19:41;1.5;H
05-30-1983;03:21;0.0;L
05-30-1983;08:09;1.9;H
05-30-1983;16:16;0.2;L
05-30-1983;20:50;1.5;H
05-31-1983;04:29;0.0;L
05-31-1983;09:24;1.8;H
05-31-1983;17:33;0.2;L
05-31-1983;22:01;1.5;H
06-01-1983;05:41;0.0;L
06-01-1983;10:34;1.8;H
06-01-1983;18:45;0.2;L
06-01-1983;23:05;1.6;H
06-02-1983;06:50;0.0;L
06-02-1983;11:35;1.9;H
06-02-1983;19:48;0.2;L
06-03-1983;00:01;1.7;H
06-03-1983;07:56;0.0;L
06-03-1983;12:27;1.9;H
06-03-1983;20:40;0.2;L
06-04-1983;00:50;1.7;H
06-04-1983;08:55;0.1;L
06-04-1983;13:13;1.9;H
06-04-1983;21:24;0.2;L
06-05-1983;01:34;1.8;H
06-05-1983;09:43;0.2;L
06-05-1983;13:55;1.9;H
06-05-1983;22:00;0.2;L
06-06-1983;02:12;1.9;H
06-06-1983;10:15;0.3;L
06-06-1983;14:34;1.9;H
06-06-1983;22:34;0.2;L
06-07-1983;02:46;1.9;H
06-07-1983;10:41;0.3;L
06-07-1983;15:09;1.9;H
06-07-1983;23:09;0.1;L
06-08-1983;03:19;1.9;H
06-08-1983;11:14;0.3;L
06-08-1983;15:43;1.8;H
06-08-1983;23:43;0.0;L
06-09-1983;03:52;1.9;H
06-09-1983;11:53;0.3;L
06-09-1983;16:15;1.8;H
06-10-1983;00:16;0.0;L
06-10-1983;04:25;1.9;H
06-10-1983;12:30;0.3;L
06-10-1983;16:46;1.8;H
06-11-1983;00:50;0.0;L
06-11-1983;04:58;1.9;H
06-11-1983;13:07;0.3;L
06-11-1983;17:17;1.7;H
06-12-1983;01:25;0.0;L
06-12-1983;05:32;1.9;H
06-12-1983;13:45;0.3;L
06-12-1983;17:53;1.7;H
06-13-1983;02:05;0.0;L
06-13-1983;06:11;1.8;H
06-13-1983;14:27;0.3;L
06-13-1983;18:38;1.6;H
06-14-1983;02:49;0.1;L
06-14-1983;07:03;1.8;H
06-14-1983;15:16;0.3;L
06-14-1983;19:39;1.5;H
06-15-1983;03:41;0.1;L
06-15-1983;08:16;1.8;H
06-15-1983;16:12;0.3;L
06-15-1983;20:53;1.5;H
06-16-1983;04:44;0.1;L
06-16-1983;09:31;1.8;H
06-16-1983;17:24;0.3;L
06-16-1983;22:04;1.5;H
06-17-1983;05:58;0.1;L
06-17-1983;10:35;1.9;H
06-17-1983;18:48;0.3;L
06-17-1983;23:07;1.6;H
06-18-1983;04:03;0.4;L
06-18-1983;04:37;0.4;H
06-18-1983;07:04;0.1;L
06-18-1983;11:34;2.0;H
06-18-1983;19:57;0.3;L
06-19-1983;00:02;1.8;H
06-19-1983;04:41;0.4;L
06-19-1983;05:33;0.4;H
06-19-1983;08:03;0.1;L
06-19-1983;12:27;2.0;H
06-19-1983;20:50;0.2;L
06-20-1983;00:52;1.9;H
06-20-1983;05:20;0.5;L
06-20-1983;06:21;0.5;H
06-20-1983;09:00;0.1;L
06-20-1983;13:17;2.0;H
06-20-1983;18:05;0.6;L
06-20-1983;18:34;0.6;H
06-20-1983;21:34;0.2;L
06-21-1983;01:39;2.0;H
06-21-1983;06:01;0.5;L
06-21-1983;07:07;0.6;H
06-21-1983;09:53;0.2;L
06-21-1983;14:06;2.0;H
06-21-1983;18:32;0.6;L
06-21-1983;19:34;0.7;H
06-21-1983;22:15;0.2;L
06-22-1983;02:25;2.1;H
06-22-1983;06:44;0.6;L
06-22-1983;07:50;0.7;H
06-22-1983;10:42;0.2;L
06-22-1983;14:54;2.0;H
06-22-1983;19:10;0.5;L
06-22-1983;20:25;0.7;H
06-22-1983;23:00;0.2;L
06-23-1983;03:10;2.1;H
06-23-1983;07:31;0.7;L
06-23-1983;08:32;0.8;H
06-23-1983;11:30;0.2;L
06-23-1983;15:43;1.9;H
06-23-1983;19:55;0.5;L
06-23-1983;21:15;0.6;H
06-23-1983;23:46;0.1;L
06-24-1983;03:57;2.1;H
06-24-1983;08:24;0.8;L
06-24-1983;09:10;0.8;H
06-24-1983;12:18;0.2;L
06-24-1983;16:32;1.8;H
06-24-1983;20:46;0.4;L
06-24-1983;22:04;0.5;H
06-25-1983;00:34;0.0;L
06-25-1983;04:46;2.1;H
06-25-1983;13:07;0.2;L
06-25-1983;17:24;1.8;H
06-25-1983;21:44;0.4;L
06-25-1983;22:53;0.4;H
06-26-1983;01:23;-0.0;L
06-26-1983;05:37;2.1;H
06-26-1983;13:58;0.3;L
06-26-1983;18:18;1.7;H
06-26-1983;22:54;0.3;L
06-26-1983;23:40;0.3;H
06-27-1983;02:15;-0.0;L
06-27-1983;06:35;2.0;H
06-27-1983;14:53;0.3;L
06-27-1983;19:16;1.6;H
06-28-1983;03:10;-0.0;L
06-28-1983;07:39;1.9;H
06-28-1983;15:55;0.3;L
06-28-1983;20:16;1.6;H
06-29-1983;04:10;0.0;L
06-29-1983;08:46;1.9;H
06-29-1983;16:57;0.3;L
06-29-1983;21:20;1.6;H
06-30-1983;05:10;0.1;L
06-30-1983;09:54;1.8;H
06-30-1983;18:00;0.3;L
06-30-1983;22:25;1.6;H
07-01-1983;06:09;0.1;L
07-01-1983;11:00;1.8;H
07-01-1983;19:06;0.3;L
07-01-1983;23:26;1.6;H
07-02-1983;07:13;0.2;L
07-02-1983;11:59;1.8;H
07-02-1983;20:08;0.2;L
07-03-1983;00:21;1.7;H
07-03-1983;08:28;0.3;L
07-03-1983;12:52;1.8;H
07-03-1983;21:01;0.2;L
07-04-1983;01:10;1.8;H
07-04-1983;09:26;0.3;L
07-04-1983;13:38;1.8;H
07-04-1983;21:46;0.2;L
07-05-1983;01:52;1.8;H
07-05-1983;10:08;0.4;L
07-05-1983;14:19;1.8;H
07-05-1983;22:22;0.2;L
07-06-1983;02:27;1.9;H
07-06-1983;10:33;0.4;L
07-06-1983;14:54;1.8;H
07-06-1983;22:53;0.2;L
07-07-1983;03:00;1.9;H
07-07-1983;11:00;0.4;L
07-07-1983;15:26;1.8;H
07-07-1983;23:22;0.1;L
07-08-1983;03:33;1.9;H
07-08-1983;11:34;0.4;L
07-08-1983;15:58;1.8;H
07-08-1983;23:53;0.1;L
07-09-1983;04:07;2.0;H
07-09-1983;12:11;0.3;L
07-09-1983;16:29;1.8;H
07-10-1983;00:29;0.1;L
07-10-1983;04:40;1.9;H
07-10-1983;12:47;0.3;L
07-10-1983;17:02;1.7;H
07-11-1983;01:05;0.1;L
07-11-1983;05:14;1.9;H
07-11-1983;13:24;0.3;L
07-11-1983;17:37;1.7;H
07-12-1983;01:45;0.1;L
07-12-1983;05:51;1.9;H
07-12-1983;14:03;0.3;L
07-12-1983;18:18;1.7;H
07-13-1983;02:27;0.1;L
07-13-1983;06:36;1.9;H
07-13-1983;14:47;0.3;L
07-13-1983;19:08;1.6;H
07-14-1983;03:15;0.1;L
07-14-1983;07:33;1.9;H
07-14-1983;15:36;0.4;L
07-14-1983;20:11;1.6;H
07-15-1983;01:40;0.3;L
07-15-1983;01:55;0.3;H
07-15-1983;04:10;0.2;L
07-15-1983;08:43;1.9;H
07-15-1983;16:33;0.4;L
07-15-1983;21:21;1.7;H
07-16-1983;02:40;0.3;L
07-16-1983;03:01;0.3;H
07-16-1983;05:17;0.2;L
07-16-1983;09:53;1.9;H
07-16-1983;17:43;0.4;L
07-16-1983;22:28;1.7;H
07-17-1983;03:49;0.4;L
07-17-1983;03:50;0.4;H
07-17-1983;06:24;0.2;L
07-17-1983;11:00;1.9;H
07-17-1983;19:02;0.4;L
07-17-1983;23:31;1.8;H
07-18-1983;07:29;0.2;L
07-18-1983;12:04;1.9;H
07-18-1983;20:14;0.3;L
07-19-1983;00:29;1.9;H
07-19-1983;05:22;0.6;L
07-19-1983;05:40;0.6;H
07-19-1983;08:39;0.2;L
07-19-1983;13:01;1.9;H
07-19-1983;17:52;0.6;L
07-19-1983;18:14;0.6;H
07-19-1983;21:08;0.3;L
07-20-1983;01:21;2.0;H
07-20-1983;06:00;0.7;L
07-20-1983;06:34;0.7;H
07-20-1983;09:38;0.3;L
07-20-1983;13:54;1.9;H
07-20-1983;18:18;0.6;L
07-20-1983;19:19;0.7;H
07-20-1983;21:56;0.2;L
07-21-1983;02:10;2.1;H
07-21-1983;06:39;0.8;L
07-21-1983;07:24;0.8;H
07-21-1983;10:27;0.3;L
07-21-1983;14:44;1.9;H
07-21-1983;18:56;0.5;L
07-21-1983;20:12;0.7;H
07-21-1983;22:43;0.2;L
07-22-1983;02:57;2.2;H
07-22-1983;07:21;0.9;L
07-22-1983;08:11;0.9;H
07-22-1983;11:14;0.3;L
07-22-1983;12:11;0.4;H
07-22-1983;12:48;0.3;L
07-22-1983;15:31;1.9;H
07-22-1983;19:38;0.5;L
07-22-1983;21:03;0.6;H
07-22-1983;23:31;0.1;L
07-23-1983;03:44;2.2;H
07-23-1983;08:07;0.9;L
07-23-1983;08:55;1.0;H
07-23-1983;12:01;0.3;L
07-23-1983;12:52;0.4;H
07-23-1983;13:37;0.3;L
07-23-1983;16:19;1.9;H
07-23-1983;20:25;0.4;L
07-23-1983;21:51;0.6;H
07-24-1983;00:20;0.0;L
07-24-1983;04:31;2.2;H
07-24-1983;09:01;1.0;L
07-24-1983;09:31;1.0;H
07-24-1983;12:50;0.3;L
07-24-1983;13:44;0.4;H
07-24-1983;14:14;0.4;L
07-24-1983;17:06;1.9;H
07-24-1983;21:16;0.4;L
07-24-1983;22:37;0.5;H
07-25-1983;01:11;-0.0;L
07-25-1983;05:18;2.1;H
07-25-1983;13:41;0.3;L
07-25-1983;17:53;1.8;H
07-25-1983;22:14;0.4;L
07-25-1983;23:21;0.4;H
07-26-1983;02:03;-0.0;L
07-26-1983;06:09;2.1;H
07-26-1983;14:33;0.3;L
07-26-1983;18:41;1.8;H
07-27-1983;02:55;0.0;L
07-27-1983;07:02;2.0;H
07-27-1983;15:24;0.3;L
07-27-1983;19:32;1.7;H
07-28-1983;03:44;0.1;L
07-28-1983;07:59;1.9;H
07-28-1983;16:15;0.4;L
07-28-1983;20:28;1.7;H
07-29-1983;04:32;0.2;L
07-29-1983;09:03;1.8;H
07-29-1983;17:08;0.4;L
07-29-1983;21:35;1.6;H
07-30-1983;05:20;0.3;L
07-30-1983;10:19;1.7;H
07-30-1983;18:09;0.4;L
07-30-1983;22:47;1.6;H
07-31-1983;06:12;0.4;L
07-31-1983;11:31;1.7;H
07-31-1983;19:25;0.4;L
07-31-1983;23:53;1.7;H
08-01-1983;07:32;0.4;L
08-01-1983;12:31;1.7;H
08-01-1983;20:34;0.3;L
08-02-1983;00:49;1.8;H
08-02-1983;09:02;0.4;L
08-02-1983;13:21;1.8;H
08-02-1983;21:25;0.2;L
08-03-1983;01:34;1.8;H
08-03-1983;09:49;0.4;L
08-03-1983;14:02;1.8;H
08-03-1983;22:06;0.2;L
08-04-1983;02:11;1.9;H
08-04-1983;10:22;0.5;L
08-04-1983;14:36;1.8;H
08-04-1983;22:36;0.2;L
08-05-1983;02:43;1.9;H
08-05-1983;10:48;0.5;L
08-05-1983;15:07;1.9;H
08-05-1983;23:01;0.2;L
08-06-1983;03:14;2.0;H
08-06-1983;11:16;0.4;L
08-06-1983;15:38;1.9;H
08-06-1983;20:12;0.5;L
08-06-1983;20:50;0.5;H
08-06-1983;23:31;0.2;L
08-07-1983;03:47;2.0;H
08-07-1983;11:48;0.4;L
08-07-1983;16:10;1.9;H
08-07-1983;20:41;0.5;L
08-07-1983;21:32;0.5;H
08-08-1983;00:06;0.1;L
08-08-1983;04:20;2.0;H
08-08-1983;12:23;0.4;L
08-08-1983;16:43;1.8;H
08-08-1983;21:15;0.5;L
08-08-1983;22:12;0.5;H
08-09-1983;00:43;0.1;L
08-09-1983;04:53;2.0;H
08-09-1983;12:58;0.4;L
08-09-1983;17:18;1.8;H
08-09-1983;21:54;0.4;L
08-09-1983;22:53;0.5;H
08-10-1983;01:21;0.1;L
08-10-1983;05:30;2.0;H
08-10-1983;13:36;0.4;L
08-10-1983;17:55;1.8;H
08-10-1983;22:39;0.4;L
08-10-1983;23:37;0.4;H
08-11-1983;02:01;0.1;L
08-11-1983;06:12;2.0;H
08-11-1983;14:17;0.4;L
08-11-1983;18:39;1.8;H
08-11-1983;23:33;0.3;L
08-12-1983;00:23;0.4;H
08-12-1983;02:43;0.2;L
08-12-1983;07:02;2.0;H
08-12-1983;15:04;0.4;L
08-12-1983;19:32;1.8;H
08-13-1983;03:31;0.2;L
08-13-1983;08:04;1.9;H
08-13-1983;15:57;0.4;L
08-13-1983;20:40;1.8;H
08-14-1983;04:33;0.3;L
08-14-1983;09:18;1.8;H
08-14-1983;16:59;0.5;L
08-14-1983;21:55;1.8;H
08-15-1983;05:47;0.3;L
08-15-1983;10:34;1.7;H
08-15-1983;18:16;0.4;L
08-15-1983;23:08;1.8;H
08-16-1983;07:09;0.3;L
08-16-1983;11:48;1.8;H
08-16-1983;19:44;0.4;L
08-17-1983;00:13;1.9;H
08-17-1983;08:31;0.3;L
08-17-1983;12:51;1.8;H
08-17-1983;17:38;0.6;L
08-17-1983;18:02;0.6;H
08-17-1983;20:48;0.3;L
08-18-1983;01:10;2.0;H
08-18-1983;09:28;0.3;L
08-18-1983;13:44;1.9;H
08-18-1983;18:05;0.6;L
08-18-1983;19:06;0.7;H
08-18-1983;21:39;0.2;L
08-19-1983;01:59;2.1;H
08-19-1983;06:46;0.9;L
08-19-1983;06:53;0.9;H
08-19-1983;10:11;0.4;L
08-19-1983;11:07;0.4;H
08-19-1983;11:45;0.4;L
08-19-1983;14:32;1.9;H
08-19-1983;18:40;0.6;L
08-19-1983;19:58;0.7;H
08-19-1983;22:26;0.2;L
08-20-1983;02:44;2.2;H
08-20-1983;07:11;1.0;L
08-20-1983;07:53;1.0;H
08-20-1983;10:53;0.4;L
08-20-1983;11:42;0.4;H
08-20-1983;12:40;0.4;L
08-20-1983;15:16;1.9;H
08-20-1983;19:20;0.5;L
08-20-1983;20:46;0.7;H
08-20-1983;23:14;0.1;L
08-21-1983;03:28;2.2;H
08-21-1983;07:48;1.0;L
08-21-1983;08:40;1.1;H
08-21-1983;11:38;0.4;L
08-21-1983;12:28;0.5;H
08-21-1983;13:23;0.4;L
08-21-1983;15:59;2.0;H
08-21-1983;20:02;0.5;L
08-21-1983;21:31;0.7;H
08-22-1983;00:04;0.1;L
08-22-1983;04:11;2.2;H
08-22-1983;08:30;1.0;L
08-22-1983;09:23;1.1;H
08-22-1983;12:27;0.4;L
08-22-1983;13:22;0.4;H
08-22-1983;13:54;0.4;L
08-22-1983;16:41;2.0;H
08-22-1983;20:48;0.5;L
08-22-1983;22:13;0.6;H
08-23-1983;00:56;0.0;L
08-23-1983;04:55;2.2;H
08-23-1983;09:23;1.0;L
08-23-1983;09:58;1.0;H
08-23-1983;13:18;0.4;L
08-23-1983;17:23;2.0;H
08-23-1983;21:40;0.5;L
08-23-1983;22:52;0.6;H
08-24-1983;01:46;0.0;L
08-24-1983;05:39;2.1;H
08-24-1983;14:05;0.4;L
08-24-1983;18:04;1.9;H
08-24-1983;22:53;0.5;L
08-24-1983;23:14;0.5;H
08-25-1983;02:31;0.1;L
08-25-1983;06:24;2.0;H
08-25-1983;14:48;0.4;L
08-25-1983;18:46;1.9;H
08-26-1983;03:10;0.2;L
08-26-1983;07:12;1.9;H
08-26-1983;15:27;0.4;L
08-26-1983;19:34;1.8;H
08-27-1983;03:44;0.3;L
08-27-1983;08:06;1.7;H
08-27-1983;16:01;0.4;L
08-27-1983;20:33;1.7;H
08-28-1983;04:16;0.4;L
08-28-1983;09:15;1.6;H
08-28-1983;16:26;0.4;L
08-28-1983;21:56;1.6;H
08-29-1983;05:04;0.5;L
08-29-1983;10:57;1.5;H
08-29-1983;17:16;0.5;L
08-29-1983;23:23;1.6;H
08-30-1983;06:15;0.5;L
08-30-1983;12:06;1.6;H
08-30-1983;19:46;0.4;L
08-31-1983;00:26;1.7;H
08-31-1983;08:21;0.5;L
08-31-1983;12:58;1.7;H
08-31-1983;20:56;0.3;L
09-01-1983;01:12;1.9;H
09-01-1983;09:20;0.5;L
09-01-1983;13:40;1.8;H
09-01-1983;21:40;0.3;L
09-02-1983;01:48;1.9;H
09-02-1983;10:01;0.4;L
09-02-1983;14:12;1.8;H
09-02-1983;22:11;0.3;L
09-03-1983;02:19;2.0;H
09-03-1983;10:31;0.5;L
09-03-1983;14:42;1.9;H
09-03-1983;19:07;0.6;L
09-03-1983;19:50;0.6;H
09-03-1983;22:37;0.3;L
09-04-1983;02:50;2.1;H
09-04-1983;10:57;0.5;L
09-04-1983;15:12;1.9;H
09-04-1983;19:30;0.6;L
09-04-1983;20:34;0.6;H
09-04-1983;23:07;0.2;L
09-05-1983;03:22;2.1;H
09-05-1983;11:24;0.5;L
09-05-1983;15:45;2.0;H
09-05-1983;20:00;0.5;L
09-05-1983;21:13;0.6;H
09-05-1983;23:41;0.2;L
09-06-1983;03:56;2.2;H
09-06-1983;08:27;1.0;L
09-06-1983;08:56;1.0;H
09-06-1983;11:55;0.4;L
09-06-1983;16:19;2.0;H
09-06-1983;20:36;0.5;L
09-06-1983;21:51;0.6;H
09-07-1983;00:17;0.2;L
09-07-1983;04:31;2.2;H
09-07-1983;09:00;0.9;L
09-07-1983;09:41;1.0;H
09-07-1983;12:31;0.4;L
09-07-1983;16:54;2.0;H
09-07-1983;21:18;0.5;L
09-07-1983;22:30;0.6;H
09-08-1983;00:53;0.2;L
09-08-1983;05:09;2.1;H
09-08-1983;09:43;0.9;L
09-08-1983;10:24;0.9;H
09-08-1983;13:09;0.4;L
09-08-1983;17:32;2.0;H
09-08-1983;22:05;0.5;L
09-08-1983;23:09;0.5;H
09-09-1983;01:30;0.2;L
09-09-1983;05:50;2.1;H
09-09-1983;10:33;0.8;L
09-09-1983;11:07;0.8;H
09-09-1983;13:51;0.4;L
09-09-1983;18:12;2.0;H
09-09-1983;23:02;0.4;L
09-09-1983;23:46;0.5;H
09-10-1983;02:09;0.2;L
09-10-1983;06:37;2.0;H
09-10-1983;14:37;0.4;L
09-10-1983;19:01;1.9;H
09-11-1983;02:54;0.3;L
09-11-1983;07:35;1.8;H
09-11-1983;15:29;0.4;L
09-11-1983;20:05;1.8;H
09-12-1983;03:56;0.4;L
09-12-1983;08:51;1.7;H
09-12-1983;16:31;0.5;L
09-12-1983;21:30;1.8;H
09-13-1983;05:26;0.4;L
09-13-1983;10:18;1.6;H
09-13-1983;17:53;0.5;L
09-13-1983;22:53;1.8;H
09-14-1983;07:10;0.4;L
09-14-1983;11:38;1.6;H
09-14-1983;19:26;0.4;L
09-15-1983;00:04;1.9;H
09-15-1983;08:26;0.3;L
09-15-1983;12:41;1.7;H
09-15-1983;17:13;0.6;L
09-15-1983;17:54;0.7;H
09-15-1983;20:32;0.3;L
09-16-1983;01:00;2.1;H
09-16-1983;09:19;0.4;L
09-16-1983;13:32;1.9;H
09-16-1983;17:45;0.6;L
09-16-1983;18:50;0.7;H
09-16-1983;21:24;0.2;L
09-17-1983;01:46;2.2;H
09-17-1983;09:54;0.4;L
09-17-1983;10:36;0.4;H
09-17-1983;11:31;0.4;L
09-17-1983;14:16;1.9;H
09-17-1983;18:21;0.6;L
09-17-1983;19:39;0.7;H
09-17-1983;22:09;0.2;L
09-18-1983;02:28;2.2;H
09-18-1983;06:56;1.0;L
09-18-1983;07:36;1.1;H
09-18-1983;10:31;0.5;L
09-18-1983;11:21;0.5;H
09-18-1983;12:21;0.4;L
09-18-1983;14:57;2.0;H
09-18-1983;18:59;0.5;L
09-18-1983;20:23;0.7;H
09-18-1983;22:55;0.2;L
09-19-1983;03:09;2.2;H
09-19-1983;07:28;1.0;L
09-19-1983;08:23;1.1;H
09-19-1983;11:14;0.5;L
09-19-1983;12:12;0.5;H
09-19-1983;12:59;0.5;L
09-19-1983;15:36;2.0;H
09-19-1983;19:39;0.5;L
09-19-1983;21:05;0.7;H
09-19-1983;23:44;0.1;L
09-20-1983;03:49;2.2;H
09-20-1983;08:06;1.0;L
09-20-1983;09:06;1.1;H
09-20-1983;12:01;0.4;L
09-20-1983;16:15;2.1;H
09-20-1983;20:22;0.6;L
09-20-1983;21:43;0.7;H
09-21-1983;00:33;0.1;L
09-21-1983;04:30;2.1;H
09-21-1983;08:50;0.9;L
09-21-1983;09:45;1.0;H
09-21-1983;12:49;0.4;L
09-21-1983;16:52;2.1;H
09-21-1983;21:10;0.6;L
09-21-1983;22:16;0.7;H
09-22-1983;01:19;0.2;L
09-22-1983;05:10;2.1;H
09-22-1983;09:45;0.8;L
09-22-1983;10:18;0.8;H
09-22-1983;13:34;0.4;L
09-22-1983;17:28;2.1;H
09-22-1983;22:15;0.6;L
09-22-1983;22:35;0.6;H
09-23-1983;01:58;0.2;L
09-23-1983;05:49;2.0;H
09-23-1983;14:11;0.4;L
09-23-1983;18:06;2.0;H
09-24-1983;02:28;0.3;L
09-24-1983;06:29;1.9;H
09-24-1983;14:40;0.4;L
09-24-1983;18:47;1.9;H
09-25-1983;02:43;0.4;L
09-25-1983;07:12;1.7;H
09-25-1983;15:02;0.4;L
09-25-1983;19:39;1.8;H
09-26-1983;03:16;0.5;L
09-26-1983;08:08;1.6;H
09-26-1983;15:40;0.4;L
09-26-1983;20:56;1.6;H
09-27-1983;04:16;0.5;L
09-27-1983;09:36;1.4;H
09-27-1983;16:32;0.4;L
09-27-1983;22:42;1.6;H
09-28-1983;05:32;0.6;L
09-28-1983;11:31;1.5;H
09-28-1983;17:44;0.4;L
09-28-1983;23:53;1.7;H
09-29-1983;07:13;0.5;L
09-29-1983;12:26;1.6;H
09-29-1983;19:49;0.4;L
09-30-1983;00:40;1.9;H
09-30-1983;08:39;0.5;L
09-30-1983;13:07;1.8;H
09-30-1983;20:53;0.3;L
10-01-1983;01:17;2.0;H
10-01-1983;09:30;0.4;L
10-01-1983;13:40;1.8;H
10-01-1983;21:34;0.3;L
10-02-1983;01:49;2.1;H
10-02-1983;10:10;0.4;L
10-02-1983;14:10;1.9;H
10-02-1983;18:29;0.6;L
10-02-1983;19:25;0.7;H
10-02-1983;22:08;0.3;L
10-03-1983;02:21;2.2;H
10-03-1983;10:40;0.5;L
10-03-1983;14:42;2.0;H
10-03-1983;18:54;0.6;L
10-03-1983;20:09;0.7;H
10-03-1983;22:41;0.3;L
10-04-1983;02:54;2.2;H
10-04-1983;07:31;0.9;L
10-04-1983;07:56;0.9;H
10-04-1983;11:01;0.5;L
10-04-1983;15:17;2.1;H
10-04-1983;19:27;0.5;L
10-04-1983;20:48;0.7;H
10-04-1983;23:15;0.3;L
10-05-1983;03:30;2.3;H
10-05-1983;07:54;0.9;L
10-05-1983;08:46;0.9;H
10-05-1983;11:30;0.5;L
10-05-1983;15:53;2.1;H
10-05-1983;20:06;0.5;L
10-05-1983;21:26;0.7;H
10-05-1983;23:49;0.2;L
10-06-1983;04:09;2.2;H
10-06-1983;08:31;0.9;L
10-06-1983;09:30;0.9;H
10-06-1983;12:07;0.4;L
10-06-1983;16:30;2.1;H
10-06-1983;20:50;0.5;L
10-06-1983;22:04;0.7;H
10-07-1983;00:24;0.2;L
10-07-1983;04:49;2.1;H
10-07-1983;09:16;0.8;L
10-07-1983;10:13;0.9;H
10-07-1983;12:47;0.4;L
10-07-1983;17:09;2.1;H
10-07-1983;21:41;0.6;L
10-07-1983;22:40;0.6;H
10-08-1983;01:01;0.2;L
10-08-1983;05:31;2.0;H
10-08-1983;10:08;0.7;L
10-08-1983;10:55;0.8;H
10-08-1983;13:31;0.4;L
10-08-1983;17:50;2.1;H
10-09-1983;01:42;0.3;L
10-09-1983;06:19;1.9;H
10-09-1983;14:18;0.4;L
10-09-1983;18:38;2.0;H
10-10-1983;02:31;0.3;L
10-10-1983;07:17;1.7;H
10-10-1983;15:12;0.4;L
10-10-1983;19:43;1.9;H
10-11-1983;03:44;0.4;L
10-11-1983;08:38;1.6;H
10-11-1983;16:17;0.4;L
10-11-1983;21:17;1.8;H
10-12-1983;05:28;0.5;L
10-12-1983;10:07;1.5;H
10-12-1983;17:43;0.4;L
10-12-1983;22:44;1.9;H
10-13-1983;07:08;0.4;L
10-13-1983;11:25;1.6;H
10-13-1983;19:10;0.3;L
10-13-1983;23:53;2.0;H
10-14-1983;08:16;0.3;L
10-14-1983;12:25;1.7;H
10-14-1983;16:47;0.6;L
10-14-1983;17:36;0.7;H
10-14-1983;20:16;0.2;L
10-15-1983;00:46;2.1;H
10-15-1983;09:08;0.4;L
10-15-1983;13:14;1.9;H
10-15-1983;17:23;0.6;L
10-15-1983;18:28;0.7;H
10-15-1983;21:07;0.2;L
10-16-1983;01:30;2.2;H
10-16-1983;09:37;0.4;L
10-16-1983;10:17;0.4;H
10-16-1983;11:04;0.4;L
10-16-1983;13:56;2.0;H
10-16-1983;18:01;0.6;L
10-16-1983;19:14;0.7;H
10-16-1983;21:51;0.2;L
10-17-1983;02:10;2.2;H
10-17-1983;06:39;1.0;L
10-17-1983;07:15;1.0;H
10-17-1983;10:09;0.5;L
10-17-1983;11:08;0.5;H
10-17-1983;11:51;0.5;L
10-17-1983;14:35;2.0;H
10-17-1983;18:39;0.6;L
10-17-1983;19:56;0.8;H
10-17-1983;22:33;0.2;L
10-18-1983;02:49;2.2;H
10-18-1983;07:10;1.0;L
10-18-1983;08:01;1.0;H
10-18-1983;10:49;0.4;L
10-18-1983;15:13;2.1;H
10-18-1983;19:18;0.6;L
10-18-1983;20:33;0.8;H
10-18-1983;23:17;0.2;L
10-19-1983;03:28;2.2;H
10-19-1983;07:46;0.9;L
10-19-1983;08:43;0.9;H
10-19-1983;11:35;0.4;L
10-19-1983;15:48;2.1;H
10-19-1983;20:00;0.7;L
10-19-1983;21:07;0.8;H
10-20-1983;00:02;0.2;L
10-20-1983;04:07;2.1;H
10-20-1983;08:27;0.8;L
10-20-1983;09:22;0.9;H
10-20-1983;12:21;0.3;L
10-20-1983;16:23;2.1;H
10-20-1983;20:46;0.7;L
10-20-1983;21:37;0.8;H
10-21-1983;00:45;0.3;L
10-21-1983;04:43;2.0;H
10-21-1983;09:16;0.7;L
10-21-1983;09:58;0.7;H
10-21-1983;13:02;0.3;L
10-21-1983;16:58;2.1;H
10-22-1983;01:20;0.3;L
10-22-1983;05:19;2.0;H
10-22-1983;13:37;0.3;L
10-22-1983;17:32;2.1;H
10-23-1983;01:45;0.4;L
10-23-1983;05:52;1.9;H
10-23-1983;14:04;0.3;L
10-23-1983;18:09;2.0;H
10-24-1983;02:08;0.5;L
10-24-1983;06:28;1.8;H
10-24-1983;14:33;0.3;L
10-24-1983;18:53;1.8;H
10-25-1983;02:50;0.5;L
10-25-1983;07:15;1.6;H
10-25-1983;15:14;0.4;L
10-25-1983;20:03;1.7;H
10-26-1983;03:47;0.6;L
10-26-1983;08:27;1.5;H
10-26-1983;16:06;0.4;L
10-26-1983;21:39;1.6;H
10-27-1983;04:57;0.6;L
10-27-1983;10:12;1.4;H
10-27-1983;17:13;0.4;L
10-27-1983;23:03;1.7;H
10-28-1983;06:28;0.5;L
10-28-1983;11:36;1.6;H
10-28-1983;18:45;0.4;L
10-28-1983;23:57;1.9;H
10-29-1983;07:54;0.4;L
10-29-1983;12:22;1.7;H
10-29-1983;19:59;0.3;L
10-30-1983;00:38;2.0;H
10-30-1983;08:54;0.4;L
10-30-1983;13:00;1.8;H
10-30-1983;17:45;0.6;L
10-30-1983;17:53;0.6;H
10-30-1983;20:53;0.3;L
10-31-1983;01:14;2.1;H
10-31-1983;09:42;0.4;L
10-31-1983;13:35;2.0;H
10-31-1983;17:56;0.6;L
10-31-1983;18:56;0.7;H
10-31-1983;21:38;0.3;L
11-01-1983;01:50;2.2;H
11-01-1983;10:20;0.4;L
11-01-1983;14:11;2.1;H
11-01-1983;18:24;0.6;L
11-01-1983;19:40;0.7;H
11-01-1983;22:16;0.3;L
11-02-1983;02:27;2.3;H
11-02-1983;07:03;0.9;L
11-02-1983;07:40;0.9;H
11-02-1983;10:44;0.5;L
11-02-1983;14:48;2.2;H
11-02-1983;19:00;0.6;L
11-02-1983;20:21;0.7;H
11-02-1983;22:50;0.3;L
11-03-1983;03:07;2.3;H
11-03-1983;07:30;0.8;L
11-03-1983;08:30;0.9;H
11-03-1983;11:12;0.4;L
11-03-1983;15:27;2.2;H
11-03-1983;19:42;0.6;L
11-03-1983;21:00;0.7;H
11-03-1983;23:24;0.3;L
11-04-1983;03:48;2.2;H
11-04-1983;08:09;0.8;L
11-04-1983;09:16;0.9;H
11-04-1983;11:50;0.4;L
11-04-1983;16:07;2.2;H
11-04-1983;20:29;0.6;L
11-04-1983;21:37;0.7;H
11-05-1983;00:02;0.3;L
11-05-1983;04:31;2.1;H
11-05-1983;08:57;0.7;L
11-05-1983;10:00;0.8;H
11-05-1983;12:32;0.4;L
11-05-1983;16:49;2.2;H
11-05-1983;21:25;0.7;L
11-05-1983;22:10;0.7;H
11-06-1983;00:44;0.3;L
11-06-1983;05:17;2.0;H
11-06-1983;09:52;0.6;L
11-06-1983;10:43;0.7;H
11-06-1983;13:18;0.3;L
11-06-1983;17:33;2.1;H
11-07-1983;01:31;0.3;L
11-07-1983;06:07;1.8;H
11-07-1983;14:07;0.3;L
11-07-1983;18:24;2.0;H
11-08-1983;02:30;0.4;L
11-08-1983;07:10;1.7;H
11-08-1983;15:02;0.3;L
11-08-1983;19:35;1.9;H
11-09-1983;03:47;0.5;L
11-09-1983;08:30;1.6;H
11-09-1983;16:09;0.3;L
11-09-1983;21:07;1.9;H
11-10-1983;05:24;0.5;L
11-10-1983;09:50;1.5;H
11-10-1983;17:31;0.3;L
11-10-1983;22:27;1.9;H
11-11-1983;06:50;0.4;L
11-11-1983;11:02;1.6;H
11-11-1983;15:47;0.6;L
11-11-1983;16:04;0.6;H
11-11-1983;18:48;0.2;L
11-11-1983;23:32;2.0;H
11-12-1983;07:55;0.3;L
11-12-1983;12:00;1.7;H
11-12-1983;16:24;0.6;L
11-12-1983;17:09;0.6;H
11-12-1983;19:54;0.2;L
11-13-1983;00:25;2.1;H
11-13-1983;08:46;0.3;L
11-13-1983;12:50;1.9;H
11-13-1983;17:05;0.6;L
11-13-1983;18:00;0.7;H
11-13-1983;20:48;0.2;L
11-14-1983;01:11;2.1;H
11-14-1983;09:21;0.4;L
11-14-1983;13:34;2.0;H
11-14-1983;17:45;0.7;L
11-14-1983;18:44;0.7;H
11-14-1983;21:33;0.2;L
11-15-1983;01:53;2.1;H
11-15-1983;06:35;0.9;L
11-15-1983;06:43;0.9;H
11-15-1983;09:52;0.4;L
11-15-1983;14:13;2.0;H
11-15-1983;18:25;0.7;L
11-15-1983;19:21;0.7;H
11-15-1983;22:10;0.3;L
11-16-1983;02:33;2.1;H
11-16-1983;07:02;0.8;L
11-16-1983;07:32;0.8;H
11-16-1983;10:30;0.4;L
11-16-1983;14:50;2.1;H
11-16-1983;19:06;0.7;L
11-16-1983;19:53;0.8;H
11-16-1983;22:49;0.3;L
11-17-1983;03:11;2.1;H
11-17-1983;07:36;0.8;L
11-17-1983;08:12;0.8;H
11-17-1983;11:12;0.3;L
11-17-1983;15:25;2.1;H
11-17-1983;19:47;0.8;L
11-17-1983;20:23;0.8;H
11-17-1983;23:29;0.3;L
11-18-1983;03:48;2.0;H
11-18-1983;08:17;0.7;L
11-18-1983;08:50;0.7;H
11-18-1983;11:54;0.3;L
11-18-1983;15:59;2.1;H
11-19-1983;00:10;0.4;L
11-19-1983;04:23;2.0;H
11-19-1983;09:07;0.6;L
11-19-1983;09:23;0.6;H
11-19-1983;12:33;0.2;L
11-19-1983;16:33;2.1;H
11-20-1983;00:45;0.4;L
11-20-1983;04:55;1.9;H
11-20-1983;13:06;0.2;L
11-20-1983;17:07;2.0;H
11-21-1983;01:14;0.5;L
11-21-1983;05:26;1.9;H
11-21-1983;13:36;0.2;L
11-21-1983;17:42;2.0;H
11-22-1983;01:47;0.5;L
11-22-1983;06:00;1.8;H
11-22-1983;14:09;0.3;L
11-22-1983;18:21;1.9;H
11-23-1983;02:28;0.5;L
11-23-1983;06:42;1.7;H
11-23-1983;14:51;0.3;L
11-23-1983;19:14;1.8;H
11-24-1983;03:19;0.5;L
11-24-1983;07:44;1.6;H
11-24-1983;15:42;0.3;L
11-24-1983;20:39;1.7;H
11-25-1983;04:20;0.5;L
11-25-1983;09:04;1.5;H
11-25-1983;16:46;0.3;L
11-25-1983;21:57;1.8;H
11-26-1983;05:41;0.5;L
11-26-1983;10:24;1.6;H
11-26-1983;18:05;0.3;L
11-26-1983;23:02;1.9;H
11-27-1983;07:08;0.5;L
11-27-1983;11:28;1.7;H
11-27-1983;19:15;0.3;L
11-27-1983;23:53;2.0;H
11-28-1983;08:15;0.4;L
11-28-1983;12:17;1.8;H
11-28-1983;17:02;0.6;L
11-28-1983;17:29;0.6;H
11-28-1983;20:15;0.3;L
11-29-1983;00:38;2.1;H
11-29-1983;09:08;0.4;L
11-29-1983;13:00;2.0;H
11-29-1983;17:28;0.6;L
11-29-1983;18:25;0.6;H
11-29-1983;21:07;0.3;L
11-30-1983;01:20;2.2;H
11-30-1983;09:51;0.4;L
11-30-1983;13:42;2.1;H
11-30-1983;18:01;0.6;L
11-30-1983;19:10;0.7;H
11-30-1983;21:53;0.3;L
12-01-1983;02:03;2.2;H
12-01-1983;06:40;0.8;L
12-01-1983;07:22;0.8;H
12-01-1983;10:24;0.4;L
12-01-1983;14:23;2.2;H
12-01-1983;18:40;0.6;L
12-01-1983;19:53;0.7;H
12-01-1983;22:34;0.3;L
12-02-1983;02:47;2.2;H
12-02-1983;07:10;0.7;L
12-02-1983;08:15;0.8;H
12-02-1983;10:58;0.4;L
12-02-1983;15:05;2.2;H
12-02-1983;19:23;0.7;L
12-02-1983;20:34;0.8;H
12-02-1983;23:13;0.3;L
12-03-1983;03:32;2.1;H
12-03-1983;07:51;0.7;L
12-03-1983;09:04;0.8;H
12-03-1983;11:38;0.3;L
12-03-1983;15:48;2.3;H
12-03-1983;20:13;0.7;L
12-03-1983;21:13;0.8;H
12-03-1983;23:55;0.3;L
12-04-1983;04:18;2.0;H
12-04-1983;08:40;0.6;L
12-04-1983;09:51;0.7;H
12-04-1983;12:22;0.3;L
12-04-1983;16:34;2.2;H
12-04-1983;21:13;0.8;L
12-04-1983;21:43;0.8;H
12-05-1983;00:42;0.4;L
12-05-1983;05:08;1.9;H
12-05-1983;09:36;0.5;L
12-05-1983;10:39;0.6;H
12-05-1983;13:09;0.2;L
12-05-1983;17:21;2.2;H
12-06-1983;01:33;0.4;L
12-06-1983;06:01;1.8;H
12-06-1983;10:45;0.5;L
12-06-1983;11:28;0.5;H
12-06-1983;13:58;0.2;L
12-06-1983;18:16;2.1;H
12-07-1983;02:29;0.4;L
12-07-1983;07:04;1.7;H
12-07-1983;14:53;0.2;L
12-07-1983;19:26;2.0;H
12-08-1983;03:37;0.4;L
12-08-1983;08:12;1.6;H
12-08-1983;15:58;0.2;L
12-08-1983;20:43;1.9;H
12-09-1983;05:00;0.4;L
12-09-1983;09:20;1.6;H
12-09-1983;17:11;0.2;L
12-09-1983;21:55;1.9;H
12-10-1983;06:16;0.4;L
12-10-1983;10:28;1.6;H
12-10-1983;18:19;0.2;L
12-10-1983;23:02;1.9;H
12-11-1983;07:21;0.4;L
12-11-1983;11:29;1.7;H
12-11-1983;16:15;0.6;L
12-11-1983;16:32;0.6;H
12-11-1983;19:24;0.2;L
12-12-1983;00:00;2.0;H
12-12-1983;08:16;0.3;L
12-12-1983;12:23;1.8;H
12-12-1983;17:05;0.6;L
12-12-1983;17:19;0.6;H
12-12-1983;20:28;0.2;L
12-13-1983;00:51;2.0;H
12-13-1983;09:02;0.3;L
12-13-1983;13:11;1.9;H
12-13-1983;21:22;0.3;L
12-14-1983;01:37;2.0;H
12-14-1983;09:41;0.3;L
12-14-1983;13:53;2.0;H
12-14-1983;22:02;0.4;L
12-15-1983;02:19;2.0;H
12-15-1983;10:17;0.3;L
12-15-1983;14:31;2.0;H
12-15-1983;22:33;0.4;L
12-16-1983;02:58;2.0;H
12-16-1983;10:54;0.3;L
12-16-1983;15:06;2.0;H
12-16-1983;23:05;0.4;L
12-17-1983;03:33;2.0;H
12-17-1983;11:31;0.2;L
12-17-1983;15:40;2.1;H
12-17-1983;23:41;0.4;L
12-18-1983;04:06;1.9;H
12-18-1983;12:07;0.2;L
12-18-1983;16:14;2.1;H
12-19-1983;00:17;0.4;L
12-19-1983;04:38;1.9;H
12-19-1983;12:39;0.2;L
12-19-1983;16:48;2.0;H
12-20-1983;00:52;0.4;L
12-20-1983;05:09;1.8;H
12-20-1983;13:12;0.2;L
12-20-1983;17:22;2.0;H
12-21-1983;01:27;0.4;L
12-21-1983;05:41;1.8;H
12-21-1983;13:49;0.2;L
12-21-1983;17:58;1.9;H
12-22-1983;02:06;0.5;L
12-22-1983;06:20;1.7;H
12-22-1983;14:29;0.2;L
12-22-1983;18:41;1.9;H
12-23-1983;02:50;0.5;L
12-23-1983;07:11;1.7;H
12-23-1983;15:17;0.2;L
12-23-1983;19:41;1.8;H
12-24-1983;03:41;0.5;L
12-24-1983;08:17;1.6;H
12-24-1983;16:15;0.3;L
12-24-1983;20:56;1.8;H
12-25-1983;04:42;0.5;L
12-25-1983;09:29;1.6;H
12-25-1983;17:26;0.3;L
12-25-1983;22:04;1.9;H
12-26-1983;06:06;0.5;L
12-26-1983;10:36;1.7;H
12-26-1983;18:34;0.2;L
12-26-1983;23:07;2.0;H
12-27-1983;07:28;0.4;L
12-27-1983;11:36;1.8;H
12-27-1983;16:37;0.5;L
12-27-1983;16:53;0.5;H
12-27-1983;19:37;0.2;L
12-28-1983;00:04;2.0;H
12-28-1983;08:30;0.4;L
12-28-1983;12:28;1.9;H
12-28-1983;17:12;0.6;L
12-28-1983;17:48;0.6;H
12-28-1983;20:37;0.2;L
12-29-1983;00:56;2.1;H
12-29-1983;09:19;0.4;L
12-29-1983;13:17;2.0;H
12-29-1983;17:48;0.6;L
12-29-1983;18:37;0.7;H
12-29-1983;21:33;0.3;L
12-30-1983;01:45;2.1;H
12-30-1983;06:22;0.7;L
12-30-1983;07:05;0.7;H
12-30-1983;10:00;0.3;L
12-30-1983;14:03;2.1;H
12-30-1983;18:28;0.7;L
12-30-1983;19:24;0.7;H
12-30-1983;22:22;0.3;L
12-31-1983;02:33;2.1;H
12-31-1983;06:54;0.7;L
12-31-1983;08:01;0.7;H
12-31-1983;10:40;0.3;L
12-31-1983;14:48;2.2;H
12-31-1983;19:11;0.8;L
12-31-1983;20:09;0.8;H
12-31-1983;23:05;0.3;L
01-01-1984;03:21;2.0;H
01-01-1984;07:36;0.6;L
01-01-1984;08:52;0.7;H
01-01-1984;11:23;0.2;L
01-01-1984;15:34;2.2;H
01-01-1984;20:00;0.8;L
01-01-1984;20:48;0.9;H
01-01-1984;23:49;0.3;L
